LINK_NO,CASE_REF,CONTENT_INTACT,LINK_INTACT,HASH_INTACT,PACK_PRESENT
1,CU-100120|2026-01-19,TRUE,TRUE,TRUE,TRUE
2,CU-100150|2026-04-13,TRUE,TRUE,TRUE,TRUE
3,CU-100484|2025-08-25,TRUE,TRUE,TRUE,TRUE
4,CU-100793|2026-03-30,TRUE,TRUE,TRUE,TRUE
5,CU-101011|2025-08-18,TRUE,TRUE,TRUE,TRUE
6,CU-101011|2025-09-01,TRUE,TRUE,TRUE,TRUE
7,CU-101011|2025-09-22,TRUE,TRUE,TRUE,TRUE
8,CU-101011|2026-06-29,TRUE,TRUE,TRUE,TRUE
9,CU-101011|2026-07-06,TRUE,TRUE,TRUE,TRUE
10,CU-100484|2025-09-08,TRUE,TRUE,TRUE,TRUE
11,CU-100044|2026-03-02,TRUE,TRUE,TRUE,TRUE
12,CU-100047|2025-11-17,TRUE,TRUE,TRUE,TRUE
13,CU-100047|2026-04-06,TRUE,TRUE,TRUE,TRUE
14,CU-100047|2026-05-18,TRUE,TRUE,TRUE,TRUE
15,CU-100047|2026-06-08,TRUE,TRUE,TRUE,TRUE
16,CU-100101|2026-01-05,TRUE,TRUE,TRUE,TRUE
17,CU-100101|2026-01-12,TRUE,TRUE,TRUE,TRUE
18,CU-100101|2026-01-19,TRUE,TRUE,TRUE,TRUE
19,CU-100101|2026-02-02,TRUE,TRUE,TRUE,TRUE
20,CU-100110|2025-09-01,TRUE,TRUE,TRUE,TRUE
21,CU-100120|2026-01-26,TRUE,TRUE,TRUE,TRUE
22,CU-100120|2026-02-02,TRUE,TRUE,TRUE,TRUE
23,CU-100120|2026-02-09,TRUE,TRUE,TRUE,TRUE
24,CU-100120|2026-02-16,TRUE,TRUE,TRUE,TRUE
25,CU-100121|2026-01-26,TRUE,TRUE,TRUE,TRUE
26,CU-100121|2026-02-23,TRUE,TRUE,TRUE,TRUE
27,CU-100121|2026-03-09,TRUE,TRUE,TRUE,TRUE
28,CU-100121|2026-04-06,TRUE,TRUE,TRUE,TRUE
29,CU-100124|2025-12-29,TRUE,TRUE,TRUE,TRUE
30,CU-100124|2026-06-01,TRUE,TRUE,TRUE,TRUE
31,CU-100150|2026-05-04,TRUE,TRUE,TRUE,TRUE
32,CU-100165|2026-05-04,TRUE,TRUE,TRUE,TRUE
33,CU-100166|2025-10-06,TRUE,TRUE,TRUE,TRUE
34,CU-100166|2026-03-02,TRUE,TRUE,TRUE,TRUE
35,CU-100216|2025-07-07,TRUE,TRUE,TRUE,TRUE
36,CU-100219|2025-09-01,TRUE,TRUE,TRUE,TRUE
37,CU-100235|2026-02-02,TRUE,TRUE,TRUE,TRUE
38,CU-100271|2025-06-30,TRUE,TRUE,TRUE,TRUE
39,CU-100271|2026-04-20,TRUE,TRUE,TRUE,TRUE
40,CU-100271|2026-04-27,TRUE,TRUE,TRUE,TRUE
41,CU-100271|2026-06-29,TRUE,TRUE,TRUE,TRUE
42,CU-100271|2026-07-06,TRUE,TRUE,TRUE,TRUE
43,CU-100319|2025-06-30,TRUE,TRUE,TRUE,TRUE
44,CU-100319|2025-09-01,TRUE,TRUE,TRUE,TRUE
45,CU-100319|2025-11-17,TRUE,TRUE,TRUE,TRUE
46,CU-100319|2026-01-12,TRUE,TRUE,TRUE,TRUE
47,CU-100319|2026-02-23,TRUE,TRUE,TRUE,TRUE
48,CU-100319|2026-03-30,TRUE,TRUE,TRUE,TRUE
49,CU-100319|2026-04-13,TRUE,TRUE,TRUE,TRUE
50,CU-100319|2026-06-29,TRUE,TRUE,TRUE,TRUE
51,CU-100319|2026-07-20,TRUE,TRUE,TRUE,TRUE
52,CU-100344|2025-07-07,TRUE,TRUE,TRUE,TRUE
53,CU-100344|2025-08-04,TRUE,TRUE,TRUE,TRUE
54,CU-100349|2026-03-16,TRUE,TRUE,TRUE,TRUE
55,CU-100352|2026-03-09,TRUE,TRUE,TRUE,TRUE
56,CU-100363|2025-10-13,TRUE,TRUE,TRUE,TRUE
57,CU-100363|2025-10-20,TRUE,TRUE,TRUE,TRUE
58,CU-100363|2025-12-08,TRUE,TRUE,TRUE,TRUE
59,CU-100363|2026-07-06,TRUE,TRUE,TRUE,TRUE
60,CU-100390|2025-12-15,TRUE,TRUE,TRUE,TRUE
61,CU-100401|2026-07-27,TRUE,TRUE,TRUE,TRUE
62,CU-100484|2025-09-01,TRUE,TRUE,TRUE,TRUE
63,CU-100484|2026-07-13,TRUE,TRUE,TRUE,TRUE
64,CU-100552|2026-06-01,TRUE,TRUE,TRUE,TRUE
65,CU-100593|2025-07-07,TRUE,TRUE,TRUE,TRUE
66,CU-100593|2026-05-18,TRUE,TRUE,TRUE,TRUE
67,CU-100596|2025-10-20,TRUE,TRUE,TRUE,TRUE
68,CU-100596|2026-03-09,TRUE,TRUE,TRUE,TRUE
69,CU-100596|2026-04-06,TRUE,TRUE,TRUE,TRUE
70,CU-100599|2025-10-20,TRUE,TRUE,TRUE,TRUE
71,CU-100599|2026-03-23,TRUE,TRUE,TRUE,TRUE
72,CU-100599|2026-04-13,TRUE,TRUE,TRUE,TRUE
73,CU-100618|2025-12-29,TRUE,TRUE,TRUE,TRUE
74,CU-100618|2026-07-06,TRUE,TRUE,TRUE,TRUE
75,CU-100635|2026-07-13,TRUE,TRUE,TRUE,TRUE
76,CU-100635|2026-08-03,TRUE,TRUE,TRUE,TRUE
77,CU-100666|2026-02-02,TRUE,TRUE,TRUE,TRUE
78,CU-100705|2025-10-13,TRUE,TRUE,TRUE,TRUE
79,CU-100711|2026-06-15,TRUE,TRUE,TRUE,TRUE
80,CU-100711|2026-06-29,TRUE,TRUE,TRUE,TRUE
81,CU-100711|2026-07-13,TRUE,TRUE,TRUE,TRUE
82,CU-100714|2025-11-10,TRUE,TRUE,TRUE,TRUE
83,CU-100714|2026-03-09,TRUE,TRUE,TRUE,TRUE
84,CU-100774|2026-06-22,TRUE,TRUE,TRUE,TRUE
85,CU-100793|2025-08-11,TRUE,TRUE,TRUE,TRUE
86,CU-100150|2025-12-08,TRUE,TRUE,TRUE,TRUE
87,CU-100150|2026-01-19,TRUE,TRUE,TRUE,TRUE
88,CU-100150|2026-02-09,TRUE,TRUE,TRUE,TRUE
89,CU-100150|2026-02-23,TRUE,TRUE,TRUE,TRUE
90,CU-100150|2026-03-30,TRUE,TRUE,TRUE,TRUE
91,CU-100150|2026-04-20,TRUE,TRUE,TRUE,TRUE
92,CU-100150|2026-04-27,TRUE,TRUE,TRUE,TRUE
93,CU-100165|2025-09-15,TRUE,TRUE,TRUE,TRUE
94,CU-100165|2026-06-08,TRUE,TRUE,TRUE,TRUE
95,CU-100166|2025-12-29,TRUE,TRUE,TRUE,TRUE
96,CU-100166|2026-02-09,TRUE,TRUE,TRUE,TRUE
97,CU-100191|2025-09-22,TRUE,TRUE,TRUE,TRUE
98,CU-100191|2025-10-13,TRUE,TRUE,TRUE,TRUE
99,CU-100191|2025-11-03,TRUE,TRUE,TRUE,TRUE
100,CU-100191|2025-12-01,TRUE,TRUE,TRUE,TRUE
101,CU-100191|2026-05-11,TRUE,TRUE,TRUE,TRUE
102,CU-100191|2026-05-18,TRUE,TRUE,TRUE,TRUE
103,CU-100191|2026-07-06,TRUE,TRUE,TRUE,TRUE
104,CU-100212|2026-04-27,TRUE,TRUE,TRUE,TRUE
105,CU-100212|2026-08-03,TRUE,TRUE,TRUE,TRUE
106,CU-100216|2025-07-21,TRUE,TRUE,TRUE,TRUE
107,CU-100216|2025-07-28,TRUE,TRUE,TRUE,TRUE
108,CU-100216|2026-05-04,TRUE,TRUE,TRUE,TRUE
109,CU-100216|2026-05-11,TRUE,TRUE,TRUE,TRUE
110,CU-100216|2026-05-18,TRUE,TRUE,TRUE,TRUE
111,CU-100216|2026-07-20,TRUE,TRUE,TRUE,TRUE
112,CU-100216|2026-08-03,TRUE,TRUE,TRUE,TRUE
113,CU-100219|2025-08-18,TRUE,TRUE,TRUE,TRUE
114,CU-100219|2025-09-15,TRUE,TRUE,TRUE,TRUE
115,CU-100219|2025-12-22,TRUE,TRUE,TRUE,TRUE
116,CU-100219|2026-02-09,TRUE,TRUE,TRUE,TRUE
117,CU-100219|2026-05-18,TRUE,TRUE,TRUE,TRUE
118,CU-100219|2026-07-13,TRUE,TRUE,TRUE,TRUE
119,CU-100245|2025-11-24,TRUE,TRUE,TRUE,TRUE
120,CU-100266|2025-06-30,TRUE,TRUE,TRUE,TRUE
121,CU-100266|2025-08-11,TRUE,TRUE,TRUE,TRUE
122,CU-100266|2025-10-06,TRUE,TRUE,TRUE,TRUE
123,CU-100266|2026-02-09,TRUE,TRUE,TRUE,TRUE
124,CU-100266|2026-06-22,TRUE,TRUE,TRUE,TRUE
125,CU-100271|2025-07-07,TRUE,TRUE,TRUE,TRUE
126,CU-100271|2025-09-15,TRUE,TRUE,TRUE,TRUE
127,CU-100271|2025-09-29,TRUE,TRUE,TRUE,TRUE
128,CU-100271|2025-10-06,TRUE,TRUE,TRUE,TRUE
129,CU-100271|2026-04-13,TRUE,TRUE,TRUE,TRUE
130,CU-100271|2026-05-04,TRUE,TRUE,TRUE,TRUE
131,CU-100271|2026-05-25,TRUE,TRUE,TRUE,TRUE
132,CU-100271|2026-06-01,TRUE,TRUE,TRUE,TRUE
133,CU-100271|2026-06-22,TRUE,TRUE,TRUE,TRUE
134,CU-100271|2026-07-27,TRUE,TRUE,TRUE,TRUE
135,CU-100281|2025-09-29,TRUE,TRUE,TRUE,TRUE
136,CU-100281|2025-10-13,TRUE,TRUE,TRUE,TRUE
137,CU-100310|2025-12-15,TRUE,TRUE,TRUE,TRUE
138,CU-100310|2026-03-09,TRUE,TRUE,TRUE,TRUE
139,CU-100318|2025-07-07,TRUE,TRUE,TRUE,TRUE
140,CU-100318|2025-08-18,TRUE,TRUE,TRUE,TRUE
141,CU-100318|2025-09-01,TRUE,TRUE,TRUE,TRUE
142,CU-100318|2025-09-15,TRUE,TRUE,TRUE,TRUE
143,CU-100318|2025-09-22,TRUE,TRUE,TRUE,TRUE
144,CU-100318|2025-11-10,TRUE,TRUE,TRUE,TRUE
145,CU-100318|2026-02-02,TRUE,TRUE,TRUE,TRUE
146,CU-100318|2026-04-06,TRUE,TRUE,TRUE,TRUE
147,CU-100318|2026-04-27,TRUE,TRUE,TRUE,TRUE
148,CU-100319|2025-07-14,TRUE,TRUE,TRUE,TRUE
149,CU-100319|2025-08-04,TRUE,TRUE,TRUE,TRUE
150,CU-100319|2025-09-08,TRUE,TRUE,TRUE,TRUE
151,CU-100319|2025-10-06,TRUE,TRUE,TRUE,TRUE
152,CU-100319|2025-11-03,TRUE,TRUE,TRUE,TRUE
153,CU-100319|2026-02-16,TRUE,TRUE,TRUE,TRUE
154,CU-100319|2026-04-06,TRUE,TRUE,TRUE,TRUE
155,CU-100319|2026-04-20,TRUE,TRUE,TRUE,TRUE
156,CU-100319|2026-05-11,TRUE,TRUE,TRUE,TRUE
157,CU-100319|2026-05-18,TRUE,TRUE,TRUE,TRUE
158,CU-100319|2026-07-13,TRUE,TRUE,TRUE,TRUE
159,CU-100319|2026-07-27,TRUE,TRUE,TRUE,TRUE
160,CU-100320|2025-06-30,TRUE,TRUE,TRUE,TRUE
161,CU-100321|2025-10-06,TRUE,TRUE,TRUE,TRUE
162,CU-100321|2026-02-02,TRUE,TRUE,TRUE,TRUE
163,CU-100321|2026-04-20,TRUE,TRUE,TRUE,TRUE
164,CU-100344|2025-07-14,TRUE,TRUE,TRUE,TRUE
165,CU-100344|2025-07-21,TRUE,TRUE,TRUE,TRUE
166,CU-100344|2025-11-03,TRUE,TRUE,TRUE,TRUE
167,CU-100344|2025-11-17,TRUE,TRUE,TRUE,TRUE
168,CU-100344|2026-03-02,TRUE,TRUE,TRUE,TRUE
169,CU-100344|2026-03-23,TRUE,TRUE,TRUE,TRUE
170,CU-100344|2026-04-13,TRUE,TRUE,TRUE,TRUE
171,CU-100344|2026-04-20,TRUE,TRUE,TRUE,TRUE
172,CU-100350|2025-09-22,TRUE,TRUE,TRUE,TRUE
173,CU-100352|2026-03-30,TRUE,TRUE,TRUE,TRUE
174,CU-100352|2026-04-06,TRUE,TRUE,TRUE,TRUE
175,CU-100363|2025-11-03,TRUE,TRUE,TRUE,TRUE
176,CU-100363|2025-11-17,TRUE,TRUE,TRUE,TRUE
177,CU-100363|2025-12-01,TRUE,TRUE,TRUE,TRUE
178,CU-100363|2026-05-25,TRUE,TRUE,TRUE,TRUE
179,CU-100363|2026-06-08,TRUE,TRUE,TRUE,TRUE
180,CU-100363|2026-06-22,TRUE,TRUE,TRUE,TRUE
181,CU-100363|2026-06-29,TRUE,TRUE,TRUE,TRUE
182,CU-100363|2026-07-20,TRUE,TRUE,TRUE,TRUE
183,CU-100390|2025-07-28,TRUE,TRUE,TRUE,TRUE
184,CU-100390|2025-08-04,TRUE,TRUE,TRUE,TRUE
185,CU-100390|2025-08-25,TRUE,TRUE,TRUE,TRUE
186,CU-100390|2025-09-01,TRUE,TRUE,TRUE,TRUE
187,CU-100390|2025-09-08,TRUE,TRUE,TRUE,TRUE
188,CU-100390|2025-09-15,TRUE,TRUE,TRUE,TRUE
189,CU-100390|2025-12-29,TRUE,TRUE,TRUE,TRUE
190,CU-100390|2026-02-16,TRUE,TRUE,TRUE,TRUE
191,CU-100390|2026-03-02,TRUE,TRUE,TRUE,TRUE
192,CU-100390|2026-04-06,TRUE,TRUE,TRUE,TRUE
193,CU-100390|2026-05-04,TRUE,TRUE,TRUE,TRUE
194,CU-100390|2026-05-11,TRUE,TRUE,TRUE,TRUE
195,CU-100390|2026-06-01,TRUE,TRUE,TRUE,TRUE
196,CU-100401|2025-11-03,TRUE,TRUE,TRUE,TRUE
197,CU-100401|2026-07-20,TRUE,TRUE,TRUE,TRUE
198,CU-100401|2026-08-03,TRUE,TRUE,TRUE,TRUE
199,CU-100442|2026-07-06,TRUE,TRUE,TRUE,TRUE
200,CU-100442|2026-07-27,TRUE,TRUE,TRUE,TRUE
201,CU-100451|2025-12-01,TRUE,TRUE,TRUE,TRUE
202,CU-100451|2026-06-01,TRUE,TRUE,TRUE,TRUE
203,CU-100487|2026-07-06,TRUE,TRUE,TRUE,TRUE
204,CU-100487|2026-07-13,TRUE,TRUE,TRUE,TRUE
205,CU-100502|2026-05-18,TRUE,TRUE,TRUE,TRUE
206,CU-100505|2025-12-22,TRUE,TRUE,TRUE,TRUE
207,CU-100525|2025-09-22,TRUE,TRUE,TRUE,TRUE
208,CU-100552|2025-11-10,TRUE,TRUE,TRUE,TRUE
209,CU-100552|2026-05-18,TRUE,TRUE,TRUE,TRUE
210,CU-100552|2026-06-22,TRUE,TRUE,TRUE,TRUE
211,CU-100572|2025-10-13,TRUE,TRUE,TRUE,TRUE
212,CU-100572|2025-10-27,TRUE,TRUE,TRUE,TRUE
213,CU-100572|2025-11-10,TRUE,TRUE,TRUE,TRUE
214,CU-100572|2025-11-24,TRUE,TRUE,TRUE,TRUE
215,CU-100572|2025-12-08,TRUE,TRUE,TRUE,TRUE
216,CU-100584|2025-06-30,TRUE,TRUE,TRUE,TRUE
217,CU-100584|2025-09-15,TRUE,TRUE,TRUE,TRUE
218,CU-100584|2025-09-22,TRUE,TRUE,TRUE,TRUE
219,CU-100584|2025-11-17,TRUE,TRUE,TRUE,TRUE
220,CU-100584|2026-01-05,TRUE,TRUE,TRUE,TRUE
221,CU-100584|2026-06-08,TRUE,TRUE,TRUE,TRUE
222,CU-100584|2026-06-29,TRUE,TRUE,TRUE,TRUE
223,CU-100593|2025-07-14,TRUE,TRUE,TRUE,TRUE
224,CU-100593|2026-05-11,TRUE,TRUE,TRUE,TRUE
225,CU-100596|2025-10-06,TRUE,TRUE,TRUE,TRUE
226,CU-100596|2025-10-13,TRUE,TRUE,TRUE,TRUE
227,CU-100596|2026-03-16,TRUE,TRUE,TRUE,TRUE
228,CU-100596|2026-03-30,TRUE,TRUE,TRUE,TRUE
229,CU-100599|2025-07-21,TRUE,TRUE,TRUE,TRUE
230,CU-100599|2025-09-08,TRUE,TRUE,TRUE,TRUE
231,CU-100599|2025-09-29,TRUE,TRUE,TRUE,TRUE
232,CU-100599|2025-11-03,TRUE,TRUE,TRUE,TRUE
233,CU-100599|2025-11-24,TRUE,TRUE,TRUE,TRUE
234,CU-100599|2025-12-22,TRUE,TRUE,TRUE,TRUE
235,CU-100599|2025-12-29,TRUE,TRUE,TRUE,TRUE
236,CU-100599|2026-02-02,TRUE,TRUE,TRUE,TRUE
237,CU-100599|2026-03-09,TRUE,TRUE,TRUE,TRUE
238,CU-100599|2026-03-30,TRUE,TRUE,TRUE,TRUE
239,CU-100599|2026-04-27,TRUE,TRUE,TRUE,TRUE
240,CU-100599|2026-05-04,TRUE,TRUE,TRUE,TRUE
241,CU-100599|2026-05-11,TRUE,TRUE,TRUE,TRUE
242,CU-100599|2026-07-13,TRUE,TRUE,TRUE,TRUE
243,CU-100599|2026-08-03,TRUE,TRUE,TRUE,TRUE
244,CU-100618|2025-06-30,TRUE,TRUE,TRUE,TRUE
245,CU-100618|2025-08-11,TRUE,TRUE,TRUE,TRUE
246,CU-100618|2025-10-13,TRUE,TRUE,TRUE,TRUE
247,CU-100618|2025-11-03,TRUE,TRUE,TRUE,TRUE
248,CU-100618|2026-01-05,TRUE,TRUE,TRUE,TRUE
249,CU-100618|2026-01-12,TRUE,TRUE,TRUE,TRUE
250,CU-100618|2026-02-09,TRUE,TRUE,TRUE,TRUE
251,CU-100618|2026-02-23,TRUE,TRUE,TRUE,TRUE
252,CU-100618|2026-03-23,TRUE,TRUE,TRUE,TRUE
253,CU-100618|2026-04-06,TRUE,TRUE,TRUE,TRUE
254,CU-100618|2026-04-27,TRUE,TRUE,TRUE,TRUE
255,CU-100618|2026-05-18,TRUE,TRUE,TRUE,TRUE
256,CU-100618|2026-06-29,TRUE,TRUE,TRUE,TRUE
257,CU-100631|2025-12-29,TRUE,TRUE,TRUE,TRUE
258,CU-100793|2025-08-25,TRUE,TRUE,TRUE,TRUE
259,CU-100793|2026-04-06,TRUE,TRUE,TRUE,TRUE
260,CU-100793|2026-06-01,TRUE,TRUE,TRUE,TRUE
261,CU-100793|2026-06-15,TRUE,TRUE,TRUE,TRUE
262,CU-100793|2026-06-22,TRUE,TRUE,TRUE,TRUE
263,CU-100840|2025-07-14,TRUE,TRUE,TRUE,TRUE
264,CU-100840|2025-08-18,TRUE,TRUE,TRUE,TRUE
265,CU-100840|2026-01-05,TRUE,TRUE,TRUE,TRUE
266,CU-100840|2026-01-19,TRUE,TRUE,TRUE,TRUE
267,CU-100840|2026-02-09,TRUE,TRUE,TRUE,TRUE
268,CU-100840|2026-06-08,TRUE,TRUE,TRUE,TRUE
269,CU-100840|2026-06-29,TRUE,TRUE,TRUE,TRUE
270,CU-100896|2025-07-07,TRUE,TRUE,TRUE,TRUE
271,CU-100946|2025-06-30,TRUE,TRUE,TRUE,TRUE
272,CU-100946|2025-07-07,TRUE,TRUE,TRUE,TRUE
273,CU-100946|2025-07-28,TRUE,TRUE,TRUE,TRUE
274,CU-100947|2025-07-07,TRUE,TRUE,TRUE,TRUE
275,CU-100947|2026-04-20,TRUE,TRUE,TRUE,TRUE
276,CU-100973|2026-01-12,TRUE,TRUE,TRUE,TRUE
277,CU-100976|2026-06-22,TRUE,TRUE,TRUE,TRUE
278,CU-100981|2025-12-15,TRUE,TRUE,TRUE,TRUE
279,CU-101000|2026-04-13,TRUE,TRUE,TRUE,TRUE
280,CU-101000|2026-04-20,TRUE,TRUE,TRUE,TRUE
281,CU-101011|2025-09-29,TRUE,TRUE,TRUE,TRUE
282,CU-101011|2025-10-06,TRUE,TRUE,TRUE,TRUE
283,CU-101011|2026-06-22,TRUE,TRUE,TRUE,TRUE
284,CU-101011|2026-07-20,TRUE,TRUE,TRUE,TRUE
285,CU-101019|2026-06-22,TRUE,TRUE,TRUE,TRUE
286,CU-101019|2026-06-29,TRUE,TRUE,TRUE,TRUE
287,CU-101039|2026-02-16,TRUE,TRUE,TRUE,TRUE
288,CU-101090|2025-09-22,TRUE,TRUE,TRUE,TRUE
289,CU-101090|2025-09-29,TRUE,TRUE,TRUE,TRUE
290,CU-101090|2025-10-06,TRUE,TRUE,TRUE,TRUE
291,CU-101090|2025-10-20,TRUE,TRUE,TRUE,TRUE
292,CU-101090|2025-10-27,TRUE,TRUE,TRUE,TRUE
293,CU-101090|2026-03-02,TRUE,TRUE,TRUE,TRUE
294,CU-101090|2026-03-16,TRUE,TRUE,TRUE,TRUE
295,CU-101090|2026-04-06,TRUE,TRUE,TRUE,TRUE
296,CU-101090|2026-04-13,TRUE,TRUE,TRUE,TRUE
297,CU-101090|2026-04-20,TRUE,TRUE,TRUE,TRUE
298,CU-101090|2026-04-27,TRUE,TRUE,TRUE,TRUE
299,CU-101090|2026-05-11,TRUE,TRUE,TRUE,TRUE
300,CU-101090|2026-05-18,TRUE,TRUE,TRUE,TRUE
301,CU-101090|2026-06-01,TRUE,TRUE,TRUE,TRUE
302,CU-101090|2026-06-08,TRUE,TRUE,TRUE,TRUE
303,CU-101115|2025-11-03,TRUE,TRUE,TRUE,TRUE
304,CU-101115|2025-11-24,TRUE,TRUE,TRUE,TRUE
305,CU-101115|2026-03-16,TRUE,TRUE,TRUE,TRUE
306,CU-101115|2026-05-18,TRUE,TRUE,TRUE,TRUE
307,CU-101115|2026-05-25,TRUE,TRUE,TRUE,TRUE
308,CU-101149|2025-08-11,TRUE,TRUE,TRUE,TRUE
309,CU-101149|2026-04-27,TRUE,TRUE,TRUE,TRUE
310,CU-101183|2026-02-16,TRUE,TRUE,TRUE,TRUE
311,CU-101183|2026-03-02,TRUE,TRUE,TRUE,TRUE
312,CU-101191|2026-07-20,TRUE,TRUE,TRUE,TRUE
313,CU-100012|2025-08-18,TRUE,TRUE,TRUE,TRUE
314,CU-100012|2025-09-08,TRUE,TRUE,TRUE,TRUE
315,CU-100012|2025-11-03,TRUE,TRUE,TRUE,TRUE
316,CU-100012|2025-12-15,TRUE,TRUE,TRUE,TRUE
317,CU-100027|2025-12-01,TRUE,TRUE,TRUE,TRUE
318,CU-100044|2025-12-15,TRUE,TRUE,TRUE,TRUE
319,CU-100044|2026-01-05,TRUE,TRUE,TRUE,TRUE
320,CU-100047|2025-11-10,TRUE,TRUE,TRUE,TRUE
321,CU-100047|2025-11-24,TRUE,TRUE,TRUE,TRUE
322,CU-100047|2025-12-01,TRUE,TRUE,TRUE,TRUE
323,CU-100047|2025-12-29,TRUE,TRUE,TRUE,TRUE
324,CU-100047|2026-04-13,TRUE,TRUE,TRUE,TRUE
325,CU-100047|2026-05-04,TRUE,TRUE,TRUE,TRUE
326,CU-100047|2026-05-25,TRUE,TRUE,TRUE,TRUE
327,CU-100101|2025-12-22,TRUE,TRUE,TRUE,TRUE
328,CU-100101|2026-05-04,TRUE,TRUE,TRUE,TRUE
329,CU-100101|2026-05-18,TRUE,TRUE,TRUE,TRUE
330,CU-100101|2026-06-22,TRUE,TRUE,TRUE,TRUE
331,CU-100110|2025-07-28,TRUE,TRUE,TRUE,TRUE
332,CU-100120|2026-03-09,TRUE,TRUE,TRUE,TRUE
333,CU-100121|2025-06-30,TRUE,TRUE,TRUE,TRUE
334,CU-100121|2025-07-14,TRUE,TRUE,TRUE,TRUE
335,CU-100121|2025-07-28,TRUE,TRUE,TRUE,TRUE
336,CU-100121|2025-08-04,TRUE,TRUE,TRUE,TRUE
337,CU-100121|2025-08-25,TRUE,TRUE,TRUE,TRUE
338,CU-100121|2026-02-16,TRUE,TRUE,TRUE,TRUE
339,CU-100121|2026-03-02,TRUE,TRUE,TRUE,TRUE
340,CU-100124|2026-06-15,TRUE,TRUE,TRUE,TRUE
341,CU-100150|2025-08-04,TRUE,TRUE,TRUE,TRUE
342,CU-100150|2025-09-29,TRUE,TRUE,TRUE,TRUE
343,CU-100150|2025-11-03,TRUE,TRUE,TRUE,TRUE
344,CU-100191|2026-01-19,TRUE,TRUE,TRUE,TRUE
345,CU-100191|2026-01-26,TRUE,TRUE,TRUE,TRUE
346,CU-100191|2026-04-20,TRUE,TRUE,TRUE,TRUE
347,CU-100191|2026-04-27,TRUE,TRUE,TRUE,TRUE
348,CU-100191|2026-06-08,TRUE,TRUE,TRUE,TRUE
349,CU-100191|2026-06-15,TRUE,TRUE,TRUE,TRUE
350,CU-100191|2026-07-27,TRUE,TRUE,TRUE,TRUE
351,CU-100212|2025-07-14,TRUE,TRUE,TRUE,TRUE
352,CU-100216|2026-05-25,TRUE,TRUE,TRUE,TRUE
353,CU-100219|2025-09-22,TRUE,TRUE,TRUE,TRUE
354,CU-100219|2025-10-27,TRUE,TRUE,TRUE,TRUE
355,CU-100219|2025-11-10,TRUE,TRUE,TRUE,TRUE
356,CU-100219|2025-12-15,TRUE,TRUE,TRUE,TRUE
357,CU-100219|2026-02-16,TRUE,TRUE,TRUE,TRUE
358,CU-100223|2025-07-14,TRUE,TRUE,TRUE,TRUE
359,CU-100264|2025-09-22,TRUE,TRUE,TRUE,TRUE
360,CU-100264|2026-02-02,TRUE,TRUE,TRUE,TRUE
361,CU-100266|2025-09-29,TRUE,TRUE,TRUE,TRUE
362,CU-100266|2026-02-02,TRUE,TRUE,TRUE,TRUE
363,CU-100281|2025-08-25,TRUE,TRUE,TRUE,TRUE
364,CU-100303|2025-09-08,TRUE,TRUE,TRUE,TRUE
365,CU-100310|2026-01-05,TRUE,TRUE,TRUE,TRUE
366,CU-100310|2026-05-18,TRUE,TRUE,TRUE,TRUE
367,CU-100318|2025-08-25,TRUE,TRUE,TRUE,TRUE
368,CU-100318|2025-12-22,TRUE,TRUE,TRUE,TRUE
369,CU-100318|2026-01-05,TRUE,TRUE,TRUE,TRUE
370,CU-100318|2026-05-11,TRUE,TRUE,TRUE,TRUE
371,CU-100319|2026-01-19,TRUE,TRUE,TRUE,TRUE
372,CU-100321|2025-07-21,TRUE,TRUE,TRUE,TRUE
373,CU-100321|2025-08-11,TRUE,TRUE,TRUE,TRUE
374,CU-100321|2025-11-17,TRUE,TRUE,TRUE,TRUE
375,CU-100321|2026-02-09,TRUE,TRUE,TRUE,TRUE
376,CU-100321|2026-03-02,TRUE,TRUE,TRUE,TRUE
377,CU-100321|2026-04-06,TRUE,TRUE,TRUE,TRUE
378,CU-100321|2026-04-27,TRUE,TRUE,TRUE,TRUE
379,CU-100321|2026-05-25,TRUE,TRUE,TRUE,TRUE
380,CU-100321|2026-06-22,TRUE,TRUE,TRUE,TRUE
381,CU-100321|2026-08-03,TRUE,TRUE,TRUE,TRUE
382,CU-100331|2026-04-13,TRUE,TRUE,TRUE,TRUE
383,CU-100331|2026-06-22,TRUE,TRUE,TRUE,TRUE
384,CU-100331|2026-07-06,TRUE,TRUE,TRUE,TRUE
385,CU-100344|2025-11-24,TRUE,TRUE,TRUE,TRUE
386,CU-100344|2026-03-09,TRUE,TRUE,TRUE,TRUE
387,CU-100344|2026-03-16,TRUE,TRUE,TRUE,TRUE
388,CU-100350|2025-09-01,TRUE,TRUE,TRUE,TRUE
389,CU-100352|2026-08-03,TRUE,TRUE,TRUE,TRUE
390,CU-100355|2025-10-13,TRUE,TRUE,TRUE,TRUE
391,CU-100363|2025-10-27,TRUE,TRUE,TRUE,TRUE
392,CU-100363|2026-06-15,TRUE,TRUE,TRUE,TRUE
393,CU-100390|2026-01-05,TRUE,TRUE,TRUE,TRUE
394,CU-100390|2026-02-02,TRUE,TRUE,TRUE,TRUE
395,CU-100390|2026-02-09,TRUE,TRUE,TRUE,TRUE
396,CU-100390|2026-03-09,TRUE,TRUE,TRUE,TRUE
397,CU-100390|2026-04-13,TRUE,TRUE,TRUE,TRUE
398,CU-100390|2026-04-20,TRUE,TRUE,TRUE,TRUE
399,CU-100438|2025-10-13,TRUE,TRUE,TRUE,TRUE
400,CU-100438|2025-10-27,TRUE,TRUE,TRUE,TRUE
401,CU-100442|2026-08-03,TRUE,TRUE,TRUE,TRUE
402,CU-100451|2025-09-29,TRUE,TRUE,TRUE,TRUE
403,CU-100451|2026-05-25,TRUE,TRUE,TRUE,TRUE
404,CU-100484|2025-08-18,TRUE,TRUE,TRUE,TRUE
405,CU-100502|2025-09-15,TRUE,TRUE,TRUE,TRUE
406,CU-100502|2025-09-29,TRUE,TRUE,TRUE,TRUE
407,CU-100502|2026-06-08,TRUE,TRUE,TRUE,TRUE
408,CU-100505|2026-01-12,TRUE,TRUE,TRUE,TRUE
409,CU-100520|2026-05-04,TRUE,TRUE,TRUE,TRUE
410,CU-100552|2025-10-13,TRUE,TRUE,TRUE,TRUE
411,CU-100552|2026-07-06,TRUE,TRUE,TRUE,TRUE
412,CU-100572|2025-07-07,TRUE,TRUE,TRUE,TRUE
413,CU-100572|2025-09-29,TRUE,TRUE,TRUE,TRUE
414,CU-100572|2025-11-17,TRUE,TRUE,TRUE,TRUE
415,CU-100587|2026-01-19,TRUE,TRUE,TRUE,TRUE
416,CU-100587|2026-02-16,TRUE,TRUE,TRUE,TRUE
417,CU-100593|2025-08-11,TRUE,TRUE,TRUE,TRUE
418,CU-100593|2025-08-18,TRUE,TRUE,TRUE,TRUE
419,CU-100599|2025-07-07,TRUE,TRUE,TRUE,TRUE
420,CU-100599|2025-09-22,TRUE,TRUE,TRUE,TRUE
421,CU-100599|2025-12-01,TRUE,TRUE,TRUE,TRUE
422,CU-100599|2026-03-16,TRUE,TRUE,TRUE,TRUE
423,CU-100618|2025-10-06,TRUE,TRUE,TRUE,TRUE
424,CU-100618|2025-11-10,TRUE,TRUE,TRUE,TRUE
425,CU-100618|2025-11-17,TRUE,TRUE,TRUE,TRUE
426,CU-100618|2025-12-08,TRUE,TRUE,TRUE,TRUE
427,CU-100618|2025-12-15,TRUE,TRUE,TRUE,TRUE
428,CU-100618|2026-03-02,TRUE,TRUE,TRUE,TRUE
429,CU-100618|2026-06-08,TRUE,TRUE,TRUE,TRUE
430,CU-100631|2026-01-26,TRUE,TRUE,TRUE,TRUE
431,CU-100631|2026-02-02,TRUE,TRUE,TRUE,TRUE
432,CU-100631|2026-06-01,TRUE,TRUE,TRUE,TRUE
433,CU-100631|2026-06-22,TRUE,TRUE,TRUE,TRUE
434,CU-100635|2025-10-06,TRUE,TRUE,TRUE,TRUE
435,CU-100635|2025-10-13,TRUE,TRUE,TRUE,TRUE
436,CU-100635|2026-07-27,TRUE,TRUE,TRUE,TRUE
437,CU-100676|2025-06-30,TRUE,TRUE,TRUE,TRUE
438,CU-100676|2025-09-22,TRUE,TRUE,TRUE,TRUE
439,CU-100676|2025-10-20,TRUE,TRUE,TRUE,TRUE
440,CU-100676|2025-10-27,TRUE,TRUE,TRUE,TRUE
441,CU-100676|2025-11-10,TRUE,TRUE,TRUE,TRUE
442,CU-100676|2025-12-01,TRUE,TRUE,TRUE,TRUE
443,CU-100676|2025-12-08,TRUE,TRUE,TRUE,TRUE
444,CU-100676|2026-02-02,TRUE,TRUE,TRUE,TRUE
445,CU-100676|2026-03-23,TRUE,TRUE,TRUE,TRUE
446,CU-100676|2026-04-06,TRUE,TRUE,TRUE,TRUE
447,CU-100676|2026-04-13,TRUE,TRUE,TRUE,TRUE
448,CU-100676|2026-04-20,TRUE,TRUE,TRUE,TRUE
449,CU-100676|2026-06-01,TRUE,TRUE,TRUE,TRUE
450,CU-100676|2026-07-06,TRUE,TRUE,TRUE,TRUE
451,CU-100687|2025-07-21,TRUE,TRUE,TRUE,TRUE
452,CU-100694|2025-12-01,TRUE,TRUE,TRUE,TRUE
453,CU-100694|2026-04-13,TRUE,TRUE,TRUE,TRUE
454,CU-100694|2026-05-11,TRUE,TRUE,TRUE,TRUE
455,CU-100694|2026-05-18,TRUE,TRUE,TRUE,TRUE
456,CU-100711|2026-02-02,TRUE,TRUE,TRUE,TRUE
457,CU-100711|2026-02-09,TRUE,TRUE,TRUE,TRUE
458,CU-100711|2026-05-18,TRUE,TRUE,TRUE,TRUE
459,CU-100711|2026-06-01,TRUE,TRUE,TRUE,TRUE
460,CU-100711|2026-06-22,TRUE,TRUE,TRUE,TRUE
461,CU-100714|2025-09-15,TRUE,TRUE,TRUE,TRUE
462,CU-100714|2025-09-22,TRUE,TRUE,TRUE,TRUE
463,CU-100714|2025-09-29,TRUE,TRUE,TRUE,TRUE
464,CU-100714|2025-10-20,TRUE,TRUE,TRUE,TRUE
465,CU-100714|2025-10-27,TRUE,TRUE,TRUE,TRUE
466,CU-100714|2025-11-03,TRUE,TRUE,TRUE,TRUE
467,CU-100714|2025-12-22,TRUE,TRUE,TRUE,TRUE
468,CU-100714|2025-12-29,TRUE,TRUE,TRUE,TRUE
469,CU-100714|2026-01-05,TRUE,TRUE,TRUE,TRUE
470,CU-100714|2026-01-26,TRUE,TRUE,TRUE,TRUE
471,CU-100714|2026-02-02,TRUE,TRUE,TRUE,TRUE
472,CU-100714|2026-03-23,TRUE,TRUE,TRUE,TRUE
473,CU-100724|2025-08-25,TRUE,TRUE,TRUE,TRUE
474,CU-100724|2025-09-08,TRUE,TRUE,TRUE,TRUE
475,CU-100724|2026-01-12,TRUE,TRUE,TRUE,TRUE
476,CU-100724|2026-02-16,TRUE,TRUE,TRUE,TRUE
477,CU-100724|2026-02-23,TRUE,TRUE,TRUE,TRUE
478,CU-100740|2025-06-30,TRUE,TRUE,TRUE,TRUE
479,CU-100740|2025-07-21,TRUE,TRUE,TRUE,TRUE
480,CU-100740|2025-09-22,TRUE,TRUE,TRUE,TRUE
481,CU-100740|2025-10-13,TRUE,TRUE,TRUE,TRUE
482,CU-100740|2026-03-02,TRUE,TRUE,TRUE,TRUE
483,CU-100740|2026-03-30,TRUE,TRUE,TRUE,TRUE
484,CU-100740|2026-04-13,TRUE,TRUE,TRUE,TRUE
485,CU-100740|2026-04-20,TRUE,TRUE,TRUE,TRUE
486,CU-100740|2026-05-25,TRUE,TRUE,TRUE,TRUE
487,CU-100740|2026-06-22,TRUE,TRUE,TRUE,TRUE
488,CU-100740|2026-06-29,TRUE,TRUE,TRUE,TRUE
489,CU-100752|2025-12-08,TRUE,TRUE,TRUE,TRUE
490,CU-100774|2026-06-15,TRUE,TRUE,TRUE,TRUE
491,CU-100821|2026-02-02,TRUE,TRUE,TRUE,TRUE
492,CU-100821|2026-03-23,TRUE,TRUE,TRUE,TRUE
493,CU-100821|2026-08-03,TRUE,TRUE,TRUE,TRUE
494,CU-100840|2025-07-21,TRUE,TRUE,TRUE,TRUE
495,CU-100840|2025-08-25,TRUE,TRUE,TRUE,TRUE
496,CU-100840|2025-10-06,TRUE,TRUE,TRUE,TRUE
497,CU-100840|2025-10-20,TRUE,TRUE,TRUE,TRUE
498,CU-100840|2025-10-27,TRUE,TRUE,TRUE,TRUE
499,CU-100840|2025-12-08,TRUE,TRUE,TRUE,TRUE
500,CU-100840|2025-12-15,TRUE,TRUE,TRUE,TRUE
501,CU-100840|2026-02-23,TRUE,TRUE,TRUE,TRUE
502,CU-100840|2026-03-23,TRUE,TRUE,TRUE,TRUE
503,CU-100840|2026-04-20,TRUE,TRUE,TRUE,TRUE
504,CU-100840|2026-05-25,TRUE,TRUE,TRUE,TRUE
505,CU-100840|2026-06-01,TRUE,TRUE,TRUE,TRUE
506,CU-100840|2026-07-06,TRUE,TRUE,TRUE,TRUE
507,CU-100859|2025-07-07,TRUE,TRUE,TRUE,TRUE
508,CU-100859|2025-07-28,TRUE,TRUE,TRUE,TRUE
509,CU-100859|2025-09-08,TRUE,TRUE,TRUE,TRUE
510,CU-100859|2025-09-15,TRUE,TRUE,TRUE,TRUE
511,CU-100859|2025-11-03,TRUE,TRUE,TRUE,TRUE
512,CU-100859|2026-06-01,TRUE,TRUE,TRUE,TRUE
513,CU-100859|2026-07-06,TRUE,TRUE,TRUE,TRUE
514,CU-100859|2026-07-27,TRUE,TRUE,TRUE,TRUE
515,CU-100859|2026-08-03,TRUE,TRUE,TRUE,TRUE
516,CU-100631|2026-01-12,TRUE,TRUE,TRUE,TRUE
517,CU-100631|2026-01-19,TRUE,TRUE,TRUE,TRUE
518,CU-100631|2026-06-15,TRUE,TRUE,TRUE,TRUE
519,CU-100635|2025-06-30,TRUE,TRUE,TRUE,TRUE
520,CU-100635|2025-09-15,TRUE,TRUE,TRUE,TRUE
521,CU-100635|2025-11-10,TRUE,TRUE,TRUE,TRUE
522,CU-100676|2025-09-01,TRUE,TRUE,TRUE,TRUE
523,CU-100676|2025-10-06,TRUE,TRUE,TRUE,TRUE
524,CU-100676|2025-12-22,TRUE,TRUE,TRUE,TRUE
525,CU-100676|2025-12-29,TRUE,TRUE,TRUE,TRUE
526,CU-100676|2026-01-19,TRUE,TRUE,TRUE,TRUE
527,CU-100676|2026-02-23,TRUE,TRUE,TRUE,TRUE
528,CU-100676|2026-06-15,TRUE,TRUE,TRUE,TRUE
529,CU-100676|2026-06-22,TRUE,TRUE,TRUE,TRUE
530,CU-100676|2026-06-29,TRUE,TRUE,TRUE,TRUE
531,CU-100711|2026-07-20,TRUE,TRUE,TRUE,TRUE
532,CU-100724|2025-06-30,TRUE,TRUE,TRUE,TRUE
533,CU-100724|2025-08-04,TRUE,TRUE,TRUE,TRUE
534,CU-100724|2025-08-18,TRUE,TRUE,TRUE,TRUE
535,CU-100724|2025-10-27,TRUE,TRUE,TRUE,TRUE
536,CU-100724|2025-11-03,TRUE,TRUE,TRUE,TRUE
537,CU-100724|2026-02-02,TRUE,TRUE,TRUE,TRUE
538,CU-100724|2026-03-02,TRUE,TRUE,TRUE,TRUE
539,CU-100724|2026-07-13,TRUE,TRUE,TRUE,TRUE
540,CU-100740|2025-07-14,TRUE,TRUE,TRUE,TRUE
541,CU-100740|2025-08-11,TRUE,TRUE,TRUE,TRUE
542,CU-100740|2025-08-18,TRUE,TRUE,TRUE,TRUE
543,CU-100740|2025-09-29,TRUE,TRUE,TRUE,TRUE
544,CU-100740|2025-12-29,TRUE,TRUE,TRUE,TRUE
545,CU-100740|2026-01-05,TRUE,TRUE,TRUE,TRUE
546,CU-100740|2026-01-19,TRUE,TRUE,TRUE,TRUE
547,CU-100740|2026-03-16,TRUE,TRUE,TRUE,TRUE
548,CU-100740|2026-04-06,TRUE,TRUE,TRUE,TRUE
549,CU-100771|2025-12-22,TRUE,TRUE,TRUE,TRUE
550,CU-100821|2025-09-15,TRUE,TRUE,TRUE,TRUE
551,CU-100821|2025-10-13,TRUE,TRUE,TRUE,TRUE
552,CU-100821|2025-12-08,TRUE,TRUE,TRUE,TRUE
553,CU-100821|2026-03-09,TRUE,TRUE,TRUE,TRUE
554,CU-100821|2026-07-06,TRUE,TRUE,TRUE,TRUE
555,CU-100837|2026-06-01,TRUE,TRUE,TRUE,TRUE
556,CU-100839|2026-06-15,TRUE,TRUE,TRUE,TRUE
557,CU-100840|2025-07-07,TRUE,TRUE,TRUE,TRUE
558,CU-100840|2026-08-03,TRUE,TRUE,TRUE,TRUE
559,CU-100859|2025-08-25,TRUE,TRUE,TRUE,TRUE
560,CU-100859|2025-09-22,TRUE,TRUE,TRUE,TRUE
561,CU-100859|2025-10-13,TRUE,TRUE,TRUE,TRUE
562,CU-100859|2025-11-10,TRUE,TRUE,TRUE,TRUE
563,CU-100859|2025-12-22,TRUE,TRUE,TRUE,TRUE
564,CU-100859|2026-01-05,TRUE,TRUE,TRUE,TRUE
565,CU-100859|2026-01-26,TRUE,TRUE,TRUE,TRUE
566,CU-100859|2026-05-18,TRUE,TRUE,TRUE,TRUE
567,CU-100859|2026-06-22,TRUE,TRUE,TRUE,TRUE
568,CU-100896|2025-11-03,TRUE,TRUE,TRUE,TRUE
569,CU-100909|2026-06-22,TRUE,TRUE,TRUE,TRUE
570,CU-100934|2025-07-14,TRUE,TRUE,TRUE,TRUE
571,CU-100934|2026-06-08,TRUE,TRUE,TRUE,TRUE
572,CU-100946|2025-08-04,TRUE,TRUE,TRUE,TRUE
573,CU-100946|2026-04-27,TRUE,TRUE,TRUE,TRUE
574,CU-100966|2026-08-03,TRUE,TRUE,TRUE,TRUE
575,CU-100973|2026-03-30,TRUE,TRUE,TRUE,TRUE
576,CU-100976|2026-06-08,TRUE,TRUE,TRUE,TRUE
577,CU-100976|2026-08-03,TRUE,TRUE,TRUE,TRUE
578,CU-101000|2026-03-09,TRUE,TRUE,TRUE,TRUE
579,CU-101017|2026-04-06,TRUE,TRUE,TRUE,TRUE
580,CU-101019|2026-02-02,TRUE,TRUE,TRUE,TRUE
581,CU-101019|2026-07-06,TRUE,TRUE,TRUE,TRUE
582,CU-101089|2026-08-03,TRUE,TRUE,TRUE,TRUE
583,CU-101091|2026-06-29,TRUE,TRUE,TRUE,TRUE
584,CU-101102|2025-09-22,TRUE,TRUE,TRUE,TRUE
585,CU-101102|2025-10-06,TRUE,TRUE,TRUE,TRUE
586,CU-101107|2026-01-26,TRUE,TRUE,TRUE,TRUE
587,CU-101110|2025-09-08,TRUE,TRUE,TRUE,TRUE
588,CU-101110|2025-09-22,TRUE,TRUE,TRUE,TRUE
589,CU-101110|2026-05-11,TRUE,TRUE,TRUE,TRUE
590,CU-101115|2025-09-15,TRUE,TRUE,TRUE,TRUE
591,CU-101115|2026-05-11,TRUE,TRUE,TRUE,TRUE
592,CU-101122|2026-06-15,TRUE,TRUE,TRUE,TRUE
593,CU-101122|2026-07-06,TRUE,TRUE,TRUE,TRUE
594,CU-101123|2026-05-25,TRUE,TRUE,TRUE,TRUE
595,CU-101125|2026-06-08,TRUE,TRUE,TRUE,TRUE
596,CU-101127|2026-06-08,TRUE,TRUE,TRUE,TRUE
597,CU-101183|2026-02-09,TRUE,TRUE,TRUE,TRUE
598,CU-101183|2026-03-16,TRUE,TRUE,TRUE,TRUE
599,CU-101191|2025-10-06,TRUE,TRUE,TRUE,TRUE
600,CU-101191|2025-10-27,TRUE,TRUE,TRUE,TRUE
601,CU-101191|2026-07-27,TRUE,TRUE,TRUE,TRUE
602,CU-100896|2025-10-06,TRUE,TRUE,TRUE,TRUE
603,CU-100896|2025-10-20,TRUE,TRUE,TRUE,TRUE
604,CU-100896|2025-10-27,TRUE,TRUE,TRUE,TRUE
605,CU-100934|2025-08-04,TRUE,TRUE,TRUE,TRUE
606,CU-100946|2026-02-09,TRUE,TRUE,TRUE,TRUE
607,CU-100946|2026-02-16,TRUE,TRUE,TRUE,TRUE
608,CU-100946|2026-02-23,TRUE,TRUE,TRUE,TRUE
609,CU-100946|2026-03-02,TRUE,TRUE,TRUE,TRUE
610,CU-100946|2026-04-20,TRUE,TRUE,TRUE,TRUE
611,CU-100946|2026-05-11,TRUE,TRUE,TRUE,TRUE
612,CU-100946|2026-05-18,TRUE,TRUE,TRUE,TRUE
613,CU-100947|2026-07-06,TRUE,TRUE,TRUE,TRUE
614,CU-100960|2026-07-06,TRUE,TRUE,TRUE,TRUE
615,CU-100960|2026-07-20,TRUE,TRUE,TRUE,TRUE
616,CU-100967|2026-07-06,TRUE,TRUE,TRUE,TRUE
617,CU-100973|2025-07-14,TRUE,TRUE,TRUE,TRUE
618,CU-100976|2026-06-15,TRUE,TRUE,TRUE,TRUE
619,CU-100976|2026-07-20,TRUE,TRUE,TRUE,TRUE
620,CU-100981|2025-06-30,TRUE,TRUE,TRUE,TRUE
621,CU-100981|2025-07-07,TRUE,TRUE,TRUE,TRUE
622,CU-100981|2025-07-21,TRUE,TRUE,TRUE,TRUE
623,CU-100981|2025-12-22,TRUE,TRUE,TRUE,TRUE
624,CU-100981|2026-01-05,TRUE,TRUE,TRUE,TRUE
625,CU-101000|2026-02-02,TRUE,TRUE,TRUE,TRUE
626,CU-101000|2026-04-06,TRUE,TRUE,TRUE,TRUE
627,CU-101011|2026-07-13,TRUE,TRUE,TRUE,TRUE
628,CU-101019|2026-02-09,TRUE,TRUE,TRUE,TRUE
629,CU-101019|2026-07-13,TRUE,TRUE,TRUE,TRUE
630,CU-101026|2025-07-07,TRUE,TRUE,TRUE,TRUE
631,CU-101039|2026-04-27,TRUE,TRUE,TRUE,TRUE
632,CU-101090|2025-10-13,TRUE,TRUE,TRUE,TRUE
633,CU-101090|2026-05-25,TRUE,TRUE,TRUE,TRUE
634,CU-101090|2026-07-20,TRUE,TRUE,TRUE,TRUE
635,CU-101090|2026-07-27,TRUE,TRUE,TRUE,TRUE
636,CU-101091|2026-05-18,TRUE,TRUE,TRUE,TRUE
637,CU-101102|2025-09-01,TRUE,TRUE,TRUE,TRUE
638,CU-101102|2026-07-06,TRUE,TRUE,TRUE,TRUE
639,CU-101110|2026-06-15,TRUE,TRUE,TRUE,TRUE
640,CU-101115|2025-08-11,TRUE,TRUE,TRUE,TRUE
641,CU-101115|2025-09-29,TRUE,TRUE,TRUE,TRUE
642,CU-101115|2025-10-06,TRUE,TRUE,TRUE,TRUE
643,CU-101115|2026-01-19,TRUE,TRUE,TRUE,TRUE
644,CU-101115|2026-02-02,TRUE,TRUE,TRUE,TRUE
645,CU-101115|2026-02-09,TRUE,TRUE,TRUE,TRUE
646,CU-101115|2026-02-16,TRUE,TRUE,TRUE,TRUE
647,CU-101115|2026-03-02,TRUE,TRUE,TRUE,TRUE
648,CU-101115|2026-04-13,TRUE,TRUE,TRUE,TRUE
649,CU-101115|2026-04-20,TRUE,TRUE,TRUE,TRUE
650,CU-101116|2025-08-18,TRUE,TRUE,TRUE,TRUE
651,CU-101122|2026-06-29,TRUE,TRUE,TRUE,TRUE
652,CU-101123|2026-05-04,TRUE,TRUE,TRUE,TRUE
653,CU-101125|2026-03-30,TRUE,TRUE,TRUE,TRUE
654,CU-101149|2026-05-11,TRUE,TRUE,TRUE,TRUE
655,CU-101183|2026-02-23,TRUE,TRUE,TRUE,TRUE
656,CU-101183|2026-03-23,TRUE,TRUE,TRUE,TRUE
657,CU-101191|2025-09-01,TRUE,TRUE,TRUE,TRUE
658,CU-101191|2025-09-08,TRUE,TRUE,TRUE,TRUE
659,CU-101191|2025-09-15,TRUE,TRUE,TRUE,TRUE
660,CU-101191|2025-09-22,TRUE,TRUE,TRUE,TRUE
661,CU-101191|2025-09-29,TRUE,TRUE,TRUE,TRUE
662,CU-101191|2025-10-13,TRUE,TRUE,TRUE,TRUE
663,CU-101191|2026-07-06,TRUE,TRUE,TRUE,TRUE
664,CU-101191|2026-08-03,TRUE,TRUE,TRUE,TRUE
665,CU-100012|2026-07-20,TRUE,TRUE,TRUE,TRUE
666,CU-100044|2026-03-16,TRUE,TRUE,TRUE,TRUE
667,CU-100044|2026-04-13,TRUE,TRUE,TRUE,TRUE
668,CU-100047|2026-04-27,TRUE,TRUE,TRUE,TRUE
669,CU-100061|2025-11-03,TRUE,TRUE,TRUE,TRUE
670,CU-100099|2025-11-03,TRUE,TRUE,TRUE,TRUE
671,CU-100099|2025-11-17,TRUE,TRUE,TRUE,TRUE
672,CU-100100|2025-10-06,TRUE,TRUE,TRUE,TRUE
673,CU-100101|2026-05-11,TRUE,TRUE,TRUE,TRUE
674,CU-100110|2025-07-14,TRUE,TRUE,TRUE,TRUE
675,CU-100110|2025-10-13,TRUE,TRUE,TRUE,TRUE
676,CU-100112|2025-08-18,TRUE,TRUE,TRUE,TRUE
677,CU-100121|2025-07-21,TRUE,TRUE,TRUE,TRUE
678,CU-100150|2025-11-10,TRUE,TRUE,TRUE,TRUE
679,CU-100150|2026-05-25,TRUE,TRUE,TRUE,TRUE
680,CU-100150|2026-06-08,TRUE,TRUE,TRUE,TRUE
681,CU-100150|2026-06-29,TRUE,TRUE,TRUE,TRUE
682,CU-100165|2025-08-18,TRUE,TRUE,TRUE,TRUE
683,CU-100165|2026-05-18,TRUE,TRUE,TRUE,TRUE
684,CU-100191|2025-11-10,TRUE,TRUE,TRUE,TRUE
685,CU-100191|2025-12-15,TRUE,TRUE,TRUE,TRUE
686,CU-100191|2025-12-29,TRUE,TRUE,TRUE,TRUE
687,CU-100191|2026-01-05,TRUE,TRUE,TRUE,TRUE
